title,year,genre,rating,movie_url,user_agent
3 Idiots,2009,Comedy,8.4,https://www.imdb.com/title/tt1187043/?ref_=adv_li_tt,"Mozilla/5.0 (Windows NT 10.0; Win64; x64) AppleWebKit/537.36 (KHTML, like Gecko) Chrome/104.0.0.0 Safari/537.36"
The Shawshank Redemption,1994,Drama,9.3,https://www.imdb.com/title/tt0111161/?ref_=adv_li_tt,"Mozilla/5.0 (Windows NT 10.0; Win64; x64) AppleWebKit/537.36 (KHTML, like Gecko) Chrome/104.0.0.0 Safari/537.36"
Avengers: Endgame,2019,Action,8.4,https://www.imdb.com/title/tt4154796/?ref_=adv_li_tt,"Mozilla/5.0 (Windows NT 10.0; Win64; x64) AppleWebKit/537.36 (KHTML, like Gecko) Chrome/104.0.0.0 Safari/537.36"
Your Name.,2016,Animation,8.4,https://www.imdb.com/title/tt5311514/?ref_=adv_li_tt,"Mozilla/5.0 (Windows NT 10.0; Win64; x64) AppleWebKit/537.36 (KHTML, like Gecko) Chrome/104.0.0.0 Safari/537.36"
The Dark Knight Rises,2012,Action,8.4,https://www.imdb.com/title/tt1345836/?ref_=adv_li_tt,"Mozilla/5.0 (Windows NT 10.0; Win64; x64) AppleWebKit/537.36 (KHTML, like Gecko) Chrome/104.0.0.0 Safari/537.36"
Joker,2019,Crime,8.4,https://www.imdb.com/title/tt7286456/?ref_=adv_li_tt,"Mozilla/5.0 (Windows NT 10.0; Win64; x64) AppleWebKit/537.36 (KHTML, like Gecko) Chrome/104.0.0.0 Safari/537.36"
Django Unchained,2012,Drama,8.4,https://www.imdb.com/title/tt1853728/?ref_=adv_li_tt,"Mozilla/5.0 (Windows NT 10.0; Win64; x64) AppleWebKit/537.36 (KHTML, like Gecko) Chrome/104.0.0.0 Safari/537.36"
Capernaum,2018,Drama,8.4,https://www.imdb.com/title/tt8267604/?ref_=adv_li_tt,"Mozilla/5.0 (Windows NT 10.0; Win64; x64) AppleWebKit/537.36 (KHTML, like Gecko) Chrome/104.0.0.0 Safari/537.36"
City Lights,1931,Comedy,8.5,https://www.imdb.com/title/tt0021749/?ref_=adv_li_tt,"Mozilla/5.0 (Windows NT 10.0; Win64; x64) AppleWebKit/537.36 (KHTML, like Gecko) Chrome/104.0.0.0 Safari/537.36"
Grave of the Fireflies,1988,Animation,8.5,https://www.imdb.com/title/tt0095327/?ref_=adv_li_tt,"Mozilla/5.0 (Windows NT 10.0; Win64; x64) AppleWebKit/537.36 (KHTML, like Gecko) Chrome/104.0.0.0 Safari/537.36"
Casablanca,1942,Drama,8.5,https://www.imdb.com/title/tt0034583/?ref_=adv_li_tt,"Mozilla/5.0 (Windows NT 10.0; Win64; x64) AppleWebKit/537.36 (KHTML, like Gecko) Chrome/104.0.0.0 Safari/537.36"
Modern Times,1936,Comedy,8.5,https://www.imdb.com/title/tt0027977/?ref_=adv_li_tt,"Mozilla/5.0 (Windows NT 10.0; Win64; x64) AppleWebKit/537.36 (KHTML, like Gecko) Chrome/104.0.0.0 Safari/537.36"
The Lion King,1994,Animation,8.5,https://www.imdb.com/title/tt0110357/?ref_=adv_li_tt,"Mozilla/5.0 (Windows NT 10.0; Win64; x64) AppleWebKit/537.36 (KHTML, like Gecko) Chrome/104.0.0.0 Safari/537.36"
Apocalypse Now,1979,Drama,8.5,https://www.imdb.com/title/tt0078788/?ref_=adv_li_tt,"Mozilla/5.0 (Windows NT 10.0; Win64; x64) AppleWebKit/537.36 (KHTML, like Gecko) Chrome/104.0.0.0 Safari/537.36"
Cinema Paradiso,1988,Drama,8.5,https://www.imdb.com/title/tt0095765/?ref_=adv_li_tt,"Mozilla/5.0 (Windows NT 10.0; Win64; x64) AppleWebKit/537.36 (KHTML, like Gecko) Chrome/104.0.0.0 Safari/537.36"
LÃ©on: The Professional,1994,Action,8.5,https://www.imdb.com/title/tt0110413/?ref_=adv_li_tt,"Mozilla/5.0 (Windows NT 10.0; Win64; x64) AppleWebKit/537.36 (KHTML, like Gecko) Chrome/104.0.0.0 Safari/537.36"
The Usual Suspects,1995,Crime,8.5,https://www.imdb.com/title/tt0114814/?ref_=adv_li_tt,"Mozilla/5.0 (Windows NT 10.0; Win64; x64) AppleWebKit/537.36 (KHTML, like Gecko) Chrome/104.0.0.0 Safari/537.36"
American History X,1998,Crime,8.5,https://www.imdb.com/title/tt0120586/?ref_=adv_li_tt,"Mozilla/5.0 (Windows NT 10.0; Win64; x64) AppleWebKit/537.36 (KHTML, like Gecko) Chrome/104.0.0.0 Safari/537.36"
Gladiator,2000,Action,8.5,https://www.imdb.com/title/tt0172495/?ref_=adv_li_tt,"Mozilla/5.0 (Windows NT 10.0; Win64; x64) AppleWebKit/537.36 (KHTML, like Gecko) Chrome/104.0.0.0 Safari/537.36"
The Pianist,2002,Biography,8.5,https://www.imdb.com/title/tt0253474/?ref_=adv_li_tt,"Mozilla/5.0 (Windows NT 10.0; Win64; x64) AppleWebKit/537.36 (KHTML, like Gecko) Chrome/104.0.0.0 Safari/537.36"
The Prestige,2006,Drama,8.5,https://www.imdb.com/title/tt0482571/?ref_=adv_li_tt,"Mozilla/5.0 (Windows NT 10.0; Win64; x64) AppleWebKit/537.36 (KHTML, like Gecko) Chrome/104.0.0.0 Safari/537.36"
The Intouchables,2011,Biography,8.5,https://www.imdb.com/title/tt1675434/?ref_=adv_li_tt,"Mozilla/5.0 (Windows NT 10.0; Win64; x64) AppleWebKit/537.36 (KHTML, like Gecko) Chrome/104.0.0.0 Safari/537.36"
The Departed,2006,Crime,8.5,https://www.imdb.com/title/tt0407887/?ref_=adv_li_tt,"Mozilla/5.0 (Windows NT 10.0; Win64; x64) AppleWebKit/537.36 (KHTML, like Gecko) Chrome/104.0.0.0 Safari/537.36"
No Country for Old Men,2007,Crime,8.2,https://www.imdb.com/title/tt0477348/?ref_=adv_li_tt,"Mozilla/5.0 (Windows NT 10.0; Win64; x64) AppleWebKit/537.36 (KHTML, like Gecko) Chrome/104.0.0.0 Safari/537.36"
My Father and My Son,2005,Drama,8.2,https://www.imdb.com/title/tt0476735/?ref_=adv_li_tt,"Mozilla/5.0 (Windows NT 10.0; Win64; x64) AppleWebKit/537.36 (KHTML, like Gecko) Chrome/104.0.0.0 Safari/537.36"
The Father,2020,Drama,8.2,https://www.imdb.com/title/tt10272386/?ref_=adv_li_tt,"Mozilla/5.0 (Windows NT 10.0; Win64; x64) AppleWebKit/537.36 (KHTML, like Gecko) Chrome/104.0.0.0 Safari/537.36"
Warrior,2011,Action,8.2,https://www.imdb.com/title/tt1291584/?ref_=adv_li_tt,"Mozilla/5.0 (Windows NT 10.0; Win64; x64) AppleWebKit/537.36 (KHTML, like Gecko) Chrome/104.0.0.0 Safari/537.36"
The Wolf of Wall Street,2013,Biography,8.2,https://www.imdb.com/title/tt0993846/?ref_=adv_li_tt,"Mozilla/5.0 (Windows NT 10.0; Win64; x64) AppleWebKit/537.36 (KHTML, like Gecko) Chrome/104.0.0.0 Safari/537.36"
The Secret in Their Eyes,2009,Drama,8.2,https://www.imdb.com/title/tt1305806/?ref_=adv_li_tt,"Mozilla/5.0 (Windows NT 10.0; Win64; x64) AppleWebKit/537.36 (KHTML, like Gecko) Chrome/104.0.0.0 Safari/537.36"
Inside Out,2015,Animation,8.2,https://www.imdb.com/title/tt2096673/?ref_=adv_li_tt,"Mozilla/5.0 (Windows NT 10.0; Win64; x64) AppleWebKit/537.36 (KHTML, like Gecko) Chrome/104.0.0.0 Safari/537.36"
Green Book,2018,Biography,8.2,https://www.imdb.com/title/tt6966692/?ref_=adv_li_tt,"Mozilla/5.0 (Windows NT 10.0; Win64; x64) AppleWebKit/537.36 (KHTML, like Gecko) Chrome/104.0.0.0 Safari/537.36"
1917,2019,Action,8.2,https://www.imdb.com/title/tt8579674/?ref_=adv_li_tt,"Mozilla/5.0 (Windows NT 10.0; Win64; x64) AppleWebKit/537.36 (KHTML, like Gecko) Chrome/104.0.0.0 Safari/537.36"
The Kid,1921,Comedy,8.3,https://www.imdb.com/title/tt0012349/?ref_=adv_li_tt,"Mozilla/5.0 (Windows NT 10.0; Win64; x64) AppleWebKit/537.36 (KHTML, like Gecko) Chrome/104.0.0.0 Safari/537.36"
Metropolis,1927,Drama,8.3,https://www.imdb.com/title/tt0017136/?ref_=adv_li_tt,"Mozilla/5.0 (Windows NT 10.0; Win64; x64) AppleWebKit/537.36 (KHTML, like Gecko) Chrome/104.0.0.0 Safari/537.36"
Double Indemnity,1944,Crime,8.3,https://www.imdb.com/title/tt0036775/?ref_=adv_li_tt,"Mozilla/5.0 (Windows NT 10.0; Win64; x64) AppleWebKit/537.36 (KHTML, like Gecko) Chrome/104.0.0.0 Safari/537.36"
Citizen Kane,1941,Drama,8.3,https://www.imdb.com/title/tt0033467/?ref_=adv_li_tt,"Mozilla/5.0 (Windows NT 10.0; Win64; x64) AppleWebKit/537.36 (KHTML, like Gecko) Chrome/104.0.0.0 Safari/537.36"
Ikiru,1952,Drama,8.3,https://www.imdb.com/title/tt0044741/?ref_=adv_li_tt,"Mozilla/5.0 (Windows NT 10.0; Win64; x64) AppleWebKit/537.36 (KHTML, like Gecko) Chrome/104.0.0.0 Safari/537.36"
Pather Panchali,1955,Drama,8.3,https://www.imdb.com/title/tt0048473/?ref_=adv_li_tt,"Mozilla/5.0 (Windows NT 10.0; Win64; x64) AppleWebKit/537.36 (KHTML, like Gecko) Chrome/104.0.0.0 Safari/537.36"
The Apartment,1960,Comedy,8.3,https://www.imdb.com/title/tt0053604/?ref_=adv_li_tt,"Mozilla/5.0 (Windows NT 10.0; Win64; x64) AppleWebKit/537.36 (KHTML, like Gecko) Chrome/104.0.0.0 Safari/537.36"
Bicycle Thieves,1948,Drama,8.3,https://www.imdb.com/title/tt0040522/?ref_=adv_li_tt,"Mozilla/5.0 (Windows NT 10.0; Win64; x64) AppleWebKit/537.36 (KHTML, like Gecko) Chrome/104.0.0.0 Safari/537.36"
Hotel Rwanda,2004,Biography,8.1,https://www.imdb.com/title/tt0395169/?ref_=adv_li_tt,"Mozilla/5.0 (Windows NT 10.0; Win64; x64) AppleWebKit/537.36 (KHTML, like Gecko) Chrome/104.0.0.0 Safari/537.36"
Million Dollar Baby,2004,Drama,8.1,https://www.imdb.com/title/tt0405159/?ref_=adv_li_tt,"Mozilla/5.0 (Windows NT 10.0; Win64; x64) AppleWebKit/537.36 (KHTML, like Gecko) Chrome/104.0.0.0 Safari/537.36"
Judgment at Nuremberg,1961,Drama,8.3,https://www.imdb.com/title/tt0055031/?ref_=adv_li_tt,"Mozilla/5.0 (Windows NT 10.0; Win64; x64) AppleWebKit/537.36 (KHTML, like Gecko) Chrome/104.0.0.0 Safari/537.36"
Into the Wild,2007,Adventure,8.1,https://www.imdb.com/title/tt0758758/?ref_=adv_li_tt,"Mozilla/5.0 (Windows NT 10.0; Win64; x64) AppleWebKit/537.36 (KHTML, like Gecko) Chrome/104.0.0.0 Safari/537.36"
Mary and Max,2009,Animation,8.1,https://www.imdb.com/title/tt0978762/?ref_=adv_li_tt,"Mozilla/5.0 (Windows NT 10.0; Win64; x64) AppleWebKit/537.36 (KHTML, like Gecko) Chrome/104.0.0.0 Safari/537.36"
Hachi: A Dog's Tale,2009,Biography,8.1,https://www.imdb.com/title/tt1028532/?ref_=adv_li_tt,"Mozilla/5.0 (Windows NT 10.0; Win64; x64) AppleWebKit/537.36 (KHTML, like Gecko) Chrome/104.0.0.0 Safari/537.36"
The Help,2011,Drama,8.1,https://www.imdb.com/title/tt1454029/?ref_=adv_li_tt,"Mozilla/5.0 (Windows NT 10.0; Win64; x64) AppleWebKit/537.36 (KHTML, like Gecko) Chrome/104.0.0.0 Safari/537.36"
Prisoners,2013,Crime,8.1,https://www.imdb.com/title/tt1392214/?ref_=adv_li_tt,"Mozilla/5.0 (Windows NT 10.0; Win64; x64) AppleWebKit/537.36 (KHTML, like Gecko) Chrome/104.0.0.0 Safari/537.36"
Gran Torino,2008,Drama,8.1,https://www.imdb.com/title/tt1205489/?ref_=adv_li_tt,"Mozilla/5.0 (Windows NT 10.0; Win64; x64) AppleWebKit/537.36 (KHTML, like Gecko) Chrome/104.0.0.0 Safari/537.36"
Rush,2013,Action,8.1,https://www.imdb.com/title/tt1979320/?ref_=adv_li_tt,"Mozilla/5.0 (Windows NT 10.0; Win64; x64) AppleWebKit/537.36 (KHTML, like Gecko) Chrome/104.0.0.0 Safari/537.36"
Ford v Ferrari,2019,Action,8.1,https://www.imdb.com/title/tt1950186/?ref_=adv_li_tt,"Mozilla/5.0 (Windows NT 10.0; Win64; x64) AppleWebKit/537.36 (KHTML, like Gecko) Chrome/104.0.0.0 Safari/537.36"
12 Years a Slave,2013,Biography,8.1,https://www.imdb.com/title/tt2024544/?ref_=adv_li_tt,"Mozilla/5.0 (Windows NT 10.0; Win64; x64) AppleWebKit/537.36 (KHTML, like Gecko) Chrome/104.0.0.0 Safari/537.36"
Hacksaw Ridge,2016,Biography,8.1,https://www.imdb.com/title/tt2119532/?ref_=adv_li_tt,"Mozilla/5.0 (Windows NT 10.0; Win64; x64) AppleWebKit/537.36 (KHTML, like Gecko) Chrome/104.0.0.0 Safari/537.36"
Room,2015,Drama,8.1,https://www.imdb.com/title/tt3170832/?ref_=adv_li_tt,"Mozilla/5.0 (Windows NT 10.0; Win64; x64) AppleWebKit/537.36 (KHTML, like Gecko) Chrome/104.0.0.0 Safari/537.36"
Gone Girl,2014,Drama,8.1,https://www.imdb.com/title/tt2267998/?ref_=adv_li_tt,"Mozilla/5.0 (Windows NT 10.0; Win64; x64) AppleWebKit/537.36 (KHTML, like Gecko) Chrome/104.0.0.0 Safari/537.36"
Wild Tales,2014,Comedy,8.1,https://www.imdb.com/title/tt3011894/?ref_=adv_li_tt,"Mozilla/5.0 (Windows NT 10.0; Win64; x64) AppleWebKit/537.36 (KHTML, like Gecko) Chrome/104.0.0.0 Safari/537.36"
The Grapes of Wrath,1940,Drama,8.1,https://www.imdb.com/title/tt0032551/?ref_=adv_li_tt,"Mozilla/5.0 (Windows NT 10.0; Win64; x64) AppleWebKit/537.36 (KHTML, like Gecko) Chrome/104.0.0.0 Safari/537.36"
Logan,2017,Action,8.1,https://www.imdb.com/title/tt3315342/?ref_=adv_li_tt,"Mozilla/5.0 (Windows NT 10.0; Win64; x64) AppleWebKit/537.36 (KHTML, like Gecko) Chrome/104.0.0.0 Safari/537.36"
Before Sunset,2004,Drama,8.1,https://www.imdb.com/title/tt0381681/?ref_=adv_li_tt,"Mozilla/5.0 (Windows NT 10.0; Win64; x64) AppleWebKit/537.36 (KHTML, like Gecko) Chrome/104.0.0.0 Safari/537.36"
Mr. Smith Goes to Washington,1939,Comedy,8.1,https://www.imdb.com/title/tt0031679/?ref_=adv_li_tt,"Mozilla/5.0 (Windows NT 10.0; Win64; x64) AppleWebKit/537.36 (KHTML, like Gecko) Chrome/104.0.0.0 Safari/537.36"
Spotlight,2015,Biography,8.1,https://www.imdb.com/title/tt1895587/?ref_=adv_li_tt,"Mozilla/5.0 (Windows NT 10.0; Win64; x64) AppleWebKit/537.36 (KHTML, like Gecko) Chrome/104.0.0.0 Safari/537.36"
On the Waterfront,1954,Crime,8.1,https://www.imdb.com/title/tt0047296/?ref_=adv_li_tt,"Mozilla/5.0 (Windows NT 10.0; Win64; x64) AppleWebKit/537.36 (KHTML, like Gecko) Chrome/104.0.0.0 Safari/537.36"
The Best Years of Our Lives,1946,Drama,8.1,https://www.imdb.com/title/tt0036868/?ref_=adv_li_tt,"Mozilla/5.0 (Windows NT 10.0; Win64; x64) AppleWebKit/537.36 (KHTML, like Gecko) Chrome/104.0.0.0 Safari/537.36"
Rebecca,1940,Drama,8.1,https://www.imdb.com/title/tt0032976/?ref_=adv_li_tt,"Mozilla/5.0 (Windows NT 10.0; Win64; x64) AppleWebKit/537.36 (KHTML, like Gecko) Chrome/104.0.0.0 Safari/537.36"
Wild Strawberries,1957,Drama,8.1,https://www.imdb.com/title/tt0050986/?ref_=adv_li_tt,"Mozilla/5.0 (Windows NT 10.0; Win64; x64) AppleWebKit/537.36 (KHTML, like Gecko) Chrome/104.0.0.0 Safari/537.36"
The Seventh Seal,1957,Drama,8.1,https://www.imdb.com/title/tt0050976/?ref_=adv_li_tt,"Mozilla/5.0 (Windows NT 10.0; Win64; x64) AppleWebKit/537.36 (KHTML, like Gecko) Chrome/104.0.0.0 Safari/537.36"
Ben-Hur,1959,Adventure,8.1,https://www.imdb.com/title/tt0052618/?ref_=adv_li_tt,"Mozilla/5.0 (Windows NT 10.0; Win64; x64) AppleWebKit/537.36 (KHTML, like Gecko) Chrome/104.0.0.0 Safari/537.36"
The 400 Blows,1959,Crime,8.1,https://www.imdb.com/title/tt0053198/?ref_=adv_li_tt,"Mozilla/5.0 (Windows NT 10.0; Win64; x64) AppleWebKit/537.36 (KHTML, like Gecko) Chrome/104.0.0.0 Safari/537.36"
Barry Lyndon,1975,Adventure,8.1,https://www.imdb.com/title/tt0072684/?ref_=adv_li_tt,"Mozilla/5.0 (Windows NT 10.0; Win64; x64) AppleWebKit/537.36 (KHTML, like Gecko) Chrome/104.0.0.0 Safari/537.36"
The Battle of Algiers,1966,Drama,8.1,https://www.imdb.com/title/tt0058946/?ref_=adv_li_tt,"Mozilla/5.0 (Windows NT 10.0; Win64; x64) AppleWebKit/537.36 (KHTML, like Gecko) Chrome/104.0.0.0 Safari/537.36"
Cool Hand Luke,1967,Crime,8.1,https://www.imdb.com/title/tt0061512/?ref_=adv_li_tt,"Mozilla/5.0 (Windows NT 10.0; Win64; x64) AppleWebKit/537.36 (KHTML, like Gecko) Chrome/104.0.0.0 Safari/537.36"
The Sound of Music,1965,Biography,8.1,https://www.imdb.com/title/tt0059742/?ref_=adv_li_tt,"Mozilla/5.0 (Windows NT 10.0; Win64; x64) AppleWebKit/537.36 (KHTML, like Gecko) Chrome/104.0.0.0 Safari/537.36"
Persona,1966,Drama,8.1,https://www.imdb.com/title/tt0060827/?ref_=adv_li_tt,"Mozilla/5.0 (Windows NT 10.0; Win64; x64) AppleWebKit/537.36 (KHTML, like Gecko) Chrome/104.0.0.0 Safari/537.36"
Network,1976,Drama,8.1,https://www.imdb.com/title/tt0074958/?ref_=adv_li_tt,"Mozilla/5.0 (Windows NT 10.0; Win64; x64) AppleWebKit/537.36 (KHTML, like Gecko) Chrome/104.0.0.0 Safari/537.36"
Rocky,1976,Drama,8.1,https://www.imdb.com/title/tt0075148/?ref_=adv_li_tt,"Mozilla/5.0 (Windows NT 10.0; Win64; x64) AppleWebKit/537.36 (KHTML, like Gecko) Chrome/104.0.0.0 Safari/537.36"
The Deer Hunter,1978,Drama,8.1,https://www.imdb.com/title/tt0077416/?ref_=adv_li_tt,"Mozilla/5.0 (Windows NT 10.0; Win64; x64) AppleWebKit/537.36 (KHTML, like Gecko) Chrome/104.0.0.0 Safari/537.36"
Blade Runner,1982,Action,8.1,https://www.imdb.com/title/tt0083658/?ref_=adv_li_tt,"Mozilla/5.0 (Windows NT 10.0; Win64; x64) AppleWebKit/537.36 (KHTML, like Gecko) Chrome/104.0.0.0 Safari/537.36"
Platoon,1986,Drama,8.1,https://www.imdb.com/title/tt0091763/?ref_=adv_li_tt,"Mozilla/5.0 (Windows NT 10.0; Win64; x64) AppleWebKit/537.36 (KHTML, like Gecko) Chrome/104.0.0.0 Safari/537.36"
Gandhi,1982,Biography,8.1,https://www.imdb.com/title/tt0083987/?ref_=adv_li_tt,"Mozilla/5.0 (Windows NT 10.0; Win64; x64) AppleWebKit/537.36 (KHTML, like Gecko) Chrome/104.0.0.0 Safari/537.36"
Stand by Me,1986,Adventure,8.1,https://www.imdb.com/title/tt0092005/?ref_=adv_li_tt,"Mozilla/5.0 (Windows NT 10.0; Win64; x64) AppleWebKit/537.36 (KHTML, like Gecko) Chrome/104.0.0.0 Safari/537.36"
Dead Poets Society,1989,Comedy,8.1,https://www.imdb.com/title/tt0097165/?ref_=adv_li_tt,"Mozilla/5.0 (Windows NT 10.0; Win64; x64) AppleWebKit/537.36 (KHTML, like Gecko) Chrome/104.0.0.0 Safari/537.36"
In the Name of the Father,1993,Biography,8.1,https://www.imdb.com/title/tt0107207/?ref_=adv_li_tt,"Mozilla/5.0 (Windows NT 10.0; Win64; x64) AppleWebKit/537.36 (KHTML, like Gecko) Chrome/104.0.0.0 Safari/537.36"
Before Sunrise,1995,Drama,8.1,https://www.imdb.com/title/tt0112471/?ref_=adv_li_tt,"Mozilla/5.0 (Windows NT 10.0; Win64; x64) AppleWebKit/537.36 (KHTML, like Gecko) Chrome/104.0.0.0 Safari/537.36"
Groundhog Day,1993,Comedy,8.1,https://www.imdb.com/title/tt0107048/?ref_=adv_li_tt,"Mozilla/5.0 (Windows NT 10.0; Win64; x64) AppleWebKit/537.36 (KHTML, like Gecko) Chrome/104.0.0.0 Safari/537.36"
La Haine,1995,Crime,8.1,https://www.imdb.com/title/tt0113247/?ref_=adv_li_tt,"Mozilla/5.0 (Windows NT 10.0; Win64; x64) AppleWebKit/537.36 (KHTML, like Gecko) Chrome/104.0.0.0 Safari/537.36"
The Iron Giant,1999,Animation,8.1,https://www.imdb.com/title/tt0129167/?ref_=adv_li_tt,"Mozilla/5.0 (Windows NT 10.0; Win64; x64) AppleWebKit/537.36 (KHTML, like Gecko) Chrome/104.0.0.0 Safari/537.36"
Trainspotting,1996,Drama,8.1,https://www.imdb.com/title/tt0117951/?ref_=adv_li_tt,"Mozilla/5.0 (Windows NT 10.0; Win64; x64) AppleWebKit/537.36 (KHTML, like Gecko) Chrome/104.0.0.0 Safari/537.36"
Amores perros,2000,Drama,8.1,https://www.imdb.com/title/tt0245712/?ref_=adv_li_tt,"Mozilla/5.0 (Windows NT 10.0; Win64; x64) AppleWebKit/537.36 (KHTML, like Gecko) Chrome/104.0.0.0 Safari/537.36"
Memories of Murder,2003,Crime,8.1,https://www.imdb.com/title/tt0353969/?ref_=adv_li_tt,"Mozilla/5.0 (Windows NT 10.0; Win64; x64) AppleWebKit/537.36 (KHTML, like Gecko) Chrome/104.0.0.0 Safari/537.36"
The Handmaiden,2016,Drama,8.1,https://www.imdb.com/title/tt4016934/?ref_=adv_li_tt,"Mozilla/5.0 (Windows NT 10.0; Win64; x64) AppleWebKit/537.36 (KHTML, like Gecko) Chrome/104.0.0.0 Safari/537.36"
Catch Me If You Can,2002,Biography,8.1,https://www.imdb.com/title/tt0264464/?ref_=adv_li_tt,"Mozilla/5.0 (Windows NT 10.0; Win64; x64) AppleWebKit/537.36 (KHTML, like Gecko) Chrome/104.0.0.0 Safari/537.36"
"Three Billboards Outside Ebbing, Missouri",2017,Comedy,8.1,https://www.imdb.com/title/tt5027774/?ref_=adv_li_tt,"Mozilla/5.0 (Windows NT 10.0; Win64; x64) AppleWebKit/537.36 (KHTML, like Gecko) Chrome/104.0.0.0 Safari/537.36"
The Gold Rush,1925,Adventure,8.2,https://www.imdb.com/title/tt0015864/?ref_=adv_li_tt,"Mozilla/5.0 (Windows NT 10.0; Win64; x64) AppleWebKit/537.36 (KHTML, like Gecko) Chrome/104.0.0.0 Safari/537.36"
The General,1926,Action,8.2,https://www.imdb.com/title/tt0017925/?ref_=adv_li_tt,"Mozilla/5.0 (Windows NT 10.0; Win64; x64) AppleWebKit/537.36 (KHTML, like Gecko) Chrome/104.0.0.0 Safari/537.36"
Gone with the Wind,1939,Drama,8.2,https://www.imdb.com/title/tt0031381/?ref_=adv_li_tt,"Mozilla/5.0 (Windows NT 10.0; Win64; x64) AppleWebKit/537.36 (KHTML, like Gecko) Chrome/104.0.0.0 Safari/537.36"
The Treasure of the Sierra Madre,1948,Adventure,8.2,https://www.imdb.com/title/tt0040897/?ref_=adv_li_tt,"Mozilla/5.0 (Windows NT 10.0; Win64; x64) AppleWebKit/537.36 (KHTML, like Gecko) Chrome/104.0.0.0 Safari/537.36"
Rashomon,1950,Crime,8.2,https://www.imdb.com/title/tt0042876/?ref_=adv_li_tt,"Mozilla/5.0 (Windows NT 10.0; Win64; x64) AppleWebKit/537.36 (KHTML, like Gecko) Chrome/104.0.0.0 Safari/537.36"
All About Eve,1950,Drama,8.2,https://www.imdb.com/title/tt0042192/?ref_=adv_li_tt,"Mozilla/5.0 (Windows NT 10.0; Win64; x64) AppleWebKit/537.36 (KHTML, like Gecko) Chrome/104.0.0.0 Safari/537.36"
The Wages of Fear,1953,Adventure,8.2,https://www.imdb.com/title/tt0046268/?ref_=adv_li_tt,"Mozilla/5.0 (Windows NT 10.0; Win64; x64) AppleWebKit/537.36 (KHTML, like Gecko) Chrome/104.0.0.0 Safari/537.36"
Tokyo Story,1953,Drama,8.2,https://www.imdb.com/title/tt0046438/?ref_=adv_li_tt,"Mozilla/5.0 (Windows NT 10.0; Win64; x64) AppleWebKit/537.36 (KHTML, like Gecko) Chrome/104.0.0.0 Safari/537.36"
The Passion of Joan of Arc,1928,Biography,8.2,https://www.imdb.com/title/tt0019254/?ref_=adv_li_tt,"Mozilla/5.0 (Windows NT 10.0; Win64; x64) AppleWebKit/537.36 (KHTML, like Gecko) Chrome/104.0.0.0 Safari/537.36"
Yojimbo,1961,Action,8.2,https://www.imdb.com/title/tt0055630/?ref_=adv_li_tt,"Mozilla/5.0 (Windows NT 10.0; Win64; x64) AppleWebKit/537.36 (KHTML, like Gecko) Chrome/104.0.0.0 Safari/537.36"
The Bridge on the River Kwai,1957,Adventure,8.2,https://www.imdb.com/title/tt0050212/?ref_=adv_li_tt,"Mozilla/5.0 (Windows NT 10.0; Win64; x64) AppleWebKit/537.36 (KHTML, like Gecko) Chrome/104.0.0.0 Safari/537.36"
Chinatown,1974,Drama,8.2,https://www.imdb.com/title/tt0071315/?ref_=adv_li_tt,"Mozilla/5.0 (Windows NT 10.0; Win64; x64) AppleWebKit/537.36 (KHTML, like Gecko) Chrome/104.0.0.0 Safari/537.36"
The Great Escape,1963,Adventure,8.2,https://www.imdb.com/title/tt0057115/?ref_=adv_li_tt,"Mozilla/5.0 (Windows NT 10.0; Win64; x64) AppleWebKit/537.36 (KHTML, like Gecko) Chrome/104.0.0.0 Safari/537.36"
Dersu Uzala,1975,Adventure,8.2,https://www.imdb.com/title/tt0071411/?ref_=adv_li_tt,"Mozilla/5.0 (Windows NT 10.0; Win64; x64) AppleWebKit/537.36 (KHTML, like Gecko) Chrome/104.0.0.0 Safari/537.36"
Taxi Driver,1976,Crime,8.2,https://www.imdb.com/title/tt0075314/?ref_=adv_li_tt,"Mozilla/5.0 (Windows NT 10.0; Win64; x64) AppleWebKit/537.36 (KHTML, like Gecko) Chrome/104.0.0.0 Safari/537.36"
The Elephant Man,1980,Biography,8.2,https://www.imdb.com/title/tt0080678/?ref_=adv_li_tt,"Mozilla/5.0 (Windows NT 10.0; Win64; x64) AppleWebKit/537.36 (KHTML, like Gecko) Chrome/104.0.0.0 Safari/537.36"
Raging Bull,1980,Biography,8.2,https://www.imdb.com/title/tt0081398/?ref_=adv_li_tt,"Mozilla/5.0 (Windows NT 10.0; Win64; x64) AppleWebKit/537.36 (KHTML, like Gecko) Chrome/104.0.0.0 Safari/537.36"
Ran,1985,Action,8.2,https://www.imdb.com/title/tt0089881/?ref_=adv_li_tt,"Mozilla/5.0 (Windows NT 10.0; Win64; x64) AppleWebKit/537.36 (KHTML, like Gecko) Chrome/104.0.0.0 Safari/537.36"
Unforgiven,1992,Drama,8.2,https://www.imdb.com/title/tt0105695/?ref_=adv_li_tt,"Mozilla/5.0 (Windows NT 10.0; Win64; x64) AppleWebKit/537.36 (KHTML, like Gecko) Chrome/104.0.0.0 Safari/537.36"
L.A. Confidential,1997,Crime,8.2,https://www.imdb.com/title/tt0119488/?ref_=adv_li_tt,"Mozilla/5.0 (Windows NT 10.0; Win64; x64) AppleWebKit/537.36 (KHTML, like Gecko) Chrome/104.0.0.0 Safari/537.36"
Casino,1995,Crime,8.2,https://www.imdb.com/title/tt0112641/?ref_=adv_li_tt,"Mozilla/5.0 (Windows NT 10.0; Win64; x64) AppleWebKit/537.36 (KHTML, like Gecko) Chrome/104.0.0.0 Safari/537.36"
Children of Heaven,1997,Drama,8.2,https://www.imdb.com/title/tt0118849/?ref_=adv_li_tt,"Mozilla/5.0 (Windows NT 10.0; Win64; x64) AppleWebKit/537.36 (KHTML, like Gecko) Chrome/104.0.0.0 Safari/537.36"
The Truman Show,1998,Comedy,8.2,https://www.imdb.com/title/tt0120382/?ref_=adv_li_tt,"Mozilla/5.0 (Windows NT 10.0; Win64; x64) AppleWebKit/537.36 (KHTML, like Gecko) Chrome/104.0.0.0 Safari/537.36"
Kill Bill: Vol. 1,2003,Action,8.2,https://www.imdb.com/title/tt0266697/?ref_=adv_li_tt,"Mozilla/5.0 (Windows NT 10.0; Win64; x64) AppleWebKit/537.36 (KHTML, like Gecko) Chrome/104.0.0.0 Safari/537.36"
The Sixth Sense,1999,Drama,8.2,https://www.imdb.com/title/tt0167404/?ref_=adv_li_tt,"Mozilla/5.0 (Windows NT 10.0; Win64; x64) AppleWebKit/537.36 (KHTML, like Gecko) Chrome/104.0.0.0 Safari/537.36"
Downfall,2004,Biography,8.2,https://www.imdb.com/title/tt0363163/?ref_=adv_li_tt,"Mozilla/5.0 (Windows NT 10.0; Win64; x64) AppleWebKit/537.36 (KHTML, like Gecko) Chrome/104.0.0.0 Safari/537.36"
Pan's Labyrinth,2006,Drama,8.2,https://www.imdb.com/title/tt0457430/?ref_=adv_li_tt,"Mozilla/5.0 (Windows NT 10.0; Win64; x64) AppleWebKit/537.36 (KHTML, like Gecko) Chrome/104.0.0.0 Safari/537.36"
V for Vendetta,2005,Action,8.2,https://www.imdb.com/title/tt0434409/?ref_=adv_li_tt,"Mozilla/5.0 (Windows NT 10.0; Win64; x64) AppleWebKit/537.36 (KHTML, like Gecko) Chrome/104.0.0.0 Safari/537.36"
A Beautiful Mind,2001,Biography,8.2,https://www.imdb.com/title/tt0268978/?ref_=adv_li_tt,"Mozilla/5.0 (Windows NT 10.0; Win64; x64) AppleWebKit/537.36 (KHTML, like Gecko) Chrome/104.0.0.0 Safari/537.36"
Batman Begins,2005,Action,8.2,https://www.imdb.com/title/tt0372784/?ref_=adv_li_tt,"Mozilla/5.0 (Windows NT 10.0; Win64; x64) AppleWebKit/537.36 (KHTML, like Gecko) Chrome/104.0.0.0 Safari/537.36"
Lawrence of Arabia,1962,Adventure,8.3,https://www.imdb.com/title/tt0056172/?ref_=adv_li_tt,"Mozilla/5.0 (Windows NT 10.0; Win64; x64) AppleWebKit/537.36 (KHTML, like Gecko) Chrome/104.0.0.0 Safari/537.36"
The Sting,1973,Comedy,8.3,https://www.imdb.com/title/tt0070735/?ref_=adv_li_tt,"Mozilla/5.0 (Windows NT 10.0; Win64; x64) AppleWebKit/537.36 (KHTML, like Gecko) Chrome/104.0.0.0 Safari/537.36"
Scarface,1983,Crime,8.3,https://www.imdb.com/title/tt0086250/?ref_=adv_li_tt,"Mozilla/5.0 (Windows NT 10.0; Win64; x64) AppleWebKit/537.36 (KHTML, like Gecko) Chrome/104.0.0.0 Safari/537.36"
Once Upon a Time in America,1984,Crime,8.3,https://www.imdb.com/title/tt0087843/?ref_=adv_li_tt,"Mozilla/5.0 (Windows NT 10.0; Win64; x64) AppleWebKit/537.36 (KHTML, like Gecko) Chrome/104.0.0.0 Safari/537.36"
There Will Be Blood,2007,Drama,8.2,https://www.imdb.com/title/tt0469494/?ref_=adv_li_tt,"Mozilla/5.0 (Windows NT 10.0; Win64; x64) AppleWebKit/537.36 (KHTML, like Gecko) Chrome/104.0.0.0 Safari/537.36"
To Kill a Mockingbird,1962,Crime,8.3,https://www.imdb.com/title/tt0056592/?ref_=adv_li_tt,"Mozilla/5.0 (Windows NT 10.0; Win64; x64) AppleWebKit/537.36 (KHTML, like Gecko) Chrome/104.0.0.0 Safari/537.36"
Full Metal Jacket,1987,Drama,8.3,https://www.imdb.com/title/tt0093058/?ref_=adv_li_tt,"Mozilla/5.0 (Windows NT 10.0; Win64; x64) AppleWebKit/537.36 (KHTML, like Gecko) Chrome/104.0.0.0 Safari/537.36"
Reservoir Dogs,1992,Crime,8.3,https://www.imdb.com/title/tt0105236/?ref_=adv_li_tt,"Mozilla/5.0 (Windows NT 10.0; Win64; x64) AppleWebKit/537.36 (KHTML, like Gecko) Chrome/104.0.0.0 Safari/537.36"
Good Will Hunting,1997,Drama,8.3,https://www.imdb.com/title/tt0119217/?ref_=adv_li_tt,"Mozilla/5.0 (Windows NT 10.0; Win64; x64) AppleWebKit/537.36 (KHTML, like Gecko) Chrome/104.0.0.0 Safari/537.36"
Heat,1995,Action,8.3,https://www.imdb.com/title/tt0113277/?ref_=adv_li_tt,"Mozilla/5.0 (Windows NT 10.0; Win64; x64) AppleWebKit/537.36 (KHTML, like Gecko) Chrome/104.0.0.0 Safari/537.36"
Requiem for a Dream,2000,Drama,8.3,https://www.imdb.com/title/tt0180093/?ref_=adv_li_tt,"Mozilla/5.0 (Windows NT 10.0; Win64; x64) AppleWebKit/537.36 (KHTML, like Gecko) Chrome/104.0.0.0 Safari/537.36"
Eternal Sunshine of the Spotless Mind,2004,Drama,8.3,https://www.imdb.com/title/tt0338013/?ref_=adv_li_tt,"Mozilla/5.0 (Windows NT 10.0; Win64; x64) AppleWebKit/537.36 (KHTML, like Gecko) Chrome/104.0.0.0 Safari/537.36"
Inglourious Basterds,2009,Adventure,8.3,https://www.imdb.com/title/tt0361748/?ref_=adv_li_tt,"Mozilla/5.0 (Windows NT 10.0; Win64; x64) AppleWebKit/537.36 (KHTML, like Gecko) Chrome/104.0.0.0 Safari/537.36"
Up,2009,Animation,8.3,https://www.imdb.com/title/tt1049413/?ref_=adv_li_tt,"Mozilla/5.0 (Windows NT 10.0; Win64; x64) AppleWebKit/537.36 (KHTML, like Gecko) Chrome/104.0.0.0 Safari/537.36"
Incendies,2010,Drama,8.3,https://www.imdb.com/title/tt1255953/?ref_=adv_li_tt,"Mozilla/5.0 (Windows NT 10.0; Win64; x64) AppleWebKit/537.36 (KHTML, like Gecko) Chrome/104.0.0.0 Safari/537.36"
Like Stars on Earth,2007,Drama,8.3,https://www.imdb.com/title/tt0986264/?ref_=adv_li_tt,"Mozilla/5.0 (Windows NT 10.0; Win64; x64) AppleWebKit/537.36 (KHTML, like Gecko) Chrome/104.0.0.0 Safari/537.36"
A Separation,2011,Drama,8.3,https://www.imdb.com/title/tt1832382/?ref_=adv_li_tt,"Mozilla/5.0 (Windows NT 10.0; Win64; x64) AppleWebKit/537.36 (KHTML, like Gecko) Chrome/104.0.0.0 Safari/537.36"
Dangal,2016,Action,8.3,https://www.imdb.com/title/tt5074352/?ref_=adv_li_tt,"Mozilla/5.0 (Windows NT 10.0; Win64; x64) AppleWebKit/537.36 (KHTML, like Gecko) Chrome/104.0.0.0 Safari/537.36"
The Hunt,2012,Drama,8.3,https://www.imdb.com/title/tt2106476/?ref_=adv_li_tt,"Mozilla/5.0 (Windows NT 10.0; Win64; x64) AppleWebKit/537.36 (KHTML, like Gecko) Chrome/104.0.0.0 Safari/537.36"
Hamilton,2020,Biography,8.3,https://www.imdb.com/title/tt8503618/?ref_=adv_li_tt,"Mozilla/5.0 (Windows NT 10.0; Win64; x64) AppleWebKit/537.36 (KHTML, like Gecko) Chrome/104.0.0.0 Safari/537.36"
Paths of Glory,1957,Drama,8.4,https://www.imdb.com/title/tt0050825/?ref_=adv_li_tt,"Mozilla/5.0 (Windows NT 10.0; Win64; x64) AppleWebKit/537.36 (KHTML, like Gecko) Chrome/104.0.0.0 Safari/537.36"
Witness for the Prosecution,1957,Crime,8.4,https://www.imdb.com/title/tt0051201/?ref_=adv_li_tt,"Mozilla/5.0 (Windows NT 10.0; Win64; x64) AppleWebKit/537.36 (KHTML, like Gecko) Chrome/104.0.0.0 Safari/537.36"
Sunset Blvd.,1950,Drama,8.4,https://www.imdb.com/title/tt0043014/?ref_=adv_li_tt,"Mozilla/5.0 (Windows NT 10.0; Win64; x64) AppleWebKit/537.36 (KHTML, like Gecko) Chrome/104.0.0.0 Safari/537.36"
The Great Dictator,1940,Comedy,8.4,https://www.imdb.com/title/tt0032553/?ref_=adv_li_tt,"Mozilla/5.0 (Windows NT 10.0; Win64; x64) AppleWebKit/537.36 (KHTML, like Gecko) Chrome/104.0.0.0 Safari/537.36"
High and Low,1963,Crime,8.4,https://www.imdb.com/title/tt0057565/?ref_=adv_li_tt,"Mozilla/5.0 (Windows NT 10.0; Win64; x64) AppleWebKit/537.36 (KHTML, like Gecko) Chrome/104.0.0.0 Safari/537.36"
The Boat,1981,Drama,8.4,https://www.imdb.com/title/tt0082096/?ref_=adv_li_tt,"Mozilla/5.0 (Windows NT 10.0; Win64; x64) AppleWebKit/537.36 (KHTML, like Gecko) Chrome/104.0.0.0 Safari/537.36"
Amadeus,1984,Biography,8.4,https://www.imdb.com/title/tt0086879/?ref_=adv_li_tt,"Mozilla/5.0 (Windows NT 10.0; Win64; x64) AppleWebKit/537.36 (KHTML, like Gecko) Chrome/104.0.0.0 Safari/537.36"
The Shining,1980,Drama,8.4,https://www.imdb.com/title/tt0081505/?ref_=adv_li_tt,"Mozilla/5.0 (Windows NT 10.0; Win64; x64) AppleWebKit/537.36 (KHTML, like Gecko) Chrome/104.0.0.0 Safari/537.36"
American Beauty,1999,Drama,8.4,https://www.imdb.com/title/tt0169547/?ref_=adv_li_tt,"Mozilla/5.0 (Windows NT 10.0; Win64; x64) AppleWebKit/537.36 (KHTML, like Gecko) Chrome/104.0.0.0 Safari/537.36"
Oldboy,2003,Action,8.4,https://www.imdb.com/title/tt0364569/?ref_=adv_li_tt,"Mozilla/5.0 (Windows NT 10.0; Win64; x64) AppleWebKit/537.36 (KHTML, like Gecko) Chrome/104.0.0.0 Safari/537.36"
Braveheart,1995,Biography,8.4,https://www.imdb.com/title/tt0112573/?ref_=adv_li_tt,"Mozilla/5.0 (Windows NT 10.0; Win64; x64) AppleWebKit/537.36 (KHTML, like Gecko) Chrome/104.0.0.0 Safari/537.36"
Come and See,1985,Drama,8.4,https://www.imdb.com/title/tt0091251/?ref_=adv_li_tt,"Mozilla/5.0 (Windows NT 10.0; Win64; x64) AppleWebKit/537.36 (KHTML, like Gecko) Chrome/104.0.0.0 Safari/537.36"
The Lives of Others,2006,Drama,8.4,https://www.imdb.com/title/tt0405094/?ref_=adv_li_tt,"Mozilla/5.0 (Windows NT 10.0; Win64; x64) AppleWebKit/537.36 (KHTML, like Gecko) Chrome/104.0.0.0 Safari/537.36"
Whiplash,2014,Drama,8.5,https://www.imdb.com/title/tt2582802/?ref_=adv_li_tt,"Mozilla/5.0 (Windows NT 10.0; Win64; x64) AppleWebKit/537.36 (KHTML, like Gecko) Chrome/104.0.0.0 Safari/537.36"
Top Gun: Maverick,2022,Action,8.5,https://www.imdb.com/title/tt1745960/?ref_=adv_li_tt,"Mozilla/5.0 (Windows NT 10.0; Win64; x64) AppleWebKit/537.36 (KHTML, like Gecko) Chrome/104.0.0.0 Safari/537.36"
Parasite,2019,Comedy,8.5,https://www.imdb.com/title/tt6751668/?ref_=adv_li_tt,"Mozilla/5.0 (Windows NT 10.0; Win64; x64) AppleWebKit/537.36 (KHTML, like Gecko) Chrome/104.0.0.0 Safari/537.36"
It's a Wonderful Life,1946,Drama,8.6,https://www.imdb.com/title/tt0038650/?ref_=adv_li_tt,"Mozilla/5.0 (Windows NT 10.0; Win64; x64) AppleWebKit/537.36 (KHTML, like Gecko) Chrome/104.0.0.0 Safari/537.36"
Seven Samurai,1954,Action,8.6,https://www.imdb.com/title/tt0047478/?ref_=adv_li_tt,"Mozilla/5.0 (Windows NT 10.0; Win64; x64) AppleWebKit/537.36 (KHTML, like Gecko) Chrome/104.0.0.0 Safari/537.36"
Harakiri,1962,Action,8.6,https://www.imdb.com/title/tt0056058/?ref_=adv_li_tt,"Mozilla/5.0 (Windows NT 10.0; Win64; x64) AppleWebKit/537.36 (KHTML, like Gecko) Chrome/104.0.0.0 Safari/537.36"
The Silence of the Lambs,1991,Crime,8.6,https://www.imdb.com/title/tt0102926/?ref_=adv_li_tt,"Mozilla/5.0 (Windows NT 10.0; Win64; x64) AppleWebKit/537.36 (KHTML, like Gecko) Chrome/104.0.0.0 Safari/537.36"
Life Is Beautiful,1997,Comedy,8.6,https://www.imdb.com/title/tt0118799/?ref_=adv_li_tt,"Mozilla/5.0 (Windows NT 10.0; Win64; x64) AppleWebKit/537.36 (KHTML, like Gecko) Chrome/104.0.0.0 Safari/537.36"
The Green Mile,1999,Crime,8.6,https://www.imdb.com/title/tt0120689/?ref_=adv_li_tt,"Mozilla/5.0 (Windows NT 10.0; Win64; x64) AppleWebKit/537.36 (KHTML, like Gecko) Chrome/104.0.0.0 Safari/537.36"
Se7en,1995,Crime,8.6,https://www.imdb.com/title/tt0114369/?ref_=adv_li_tt,"Mozilla/5.0 (Windows NT 10.0; Win64; x64) AppleWebKit/537.36 (KHTML, like Gecko) Chrome/104.0.0.0 Safari/537.36"
Saving Private Ryan,1998,Drama,8.6,https://www.imdb.com/title/tt0120815/?ref_=adv_li_tt,"Mozilla/5.0 (Windows NT 10.0; Win64; x64) AppleWebKit/537.36 (KHTML, like Gecko) Chrome/104.0.0.0 Safari/537.36"
Interstellar,2014,Adventure,8.6,https://www.imdb.com/title/tt0816692/?ref_=adv_li_tt,"Mozilla/5.0 (Windows NT 10.0; Win64; x64) AppleWebKit/537.36 (KHTML, like Gecko) Chrome/104.0.0.0 Safari/537.36"
City of God,2002,Crime,8.6,https://www.imdb.com/title/tt0317248/?ref_=adv_li_tt,"Mozilla/5.0 (Windows NT 10.0; Win64; x64) AppleWebKit/537.36 (KHTML, like Gecko) Chrome/104.0.0.0 Safari/537.36"
Goodfellas,1990,Biography,8.7,https://www.imdb.com/title/tt0099685/?ref_=adv_li_tt,"Mozilla/5.0 (Windows NT 10.0; Win64; x64) AppleWebKit/537.36 (KHTML, like Gecko) Chrome/104.0.0.0 Safari/537.36"
One Flew Over the Cuckoo's Nest,1975,Drama,8.7,https://www.imdb.com/title/tt0073486/?ref_=adv_li_tt,"Mozilla/5.0 (Windows NT 10.0; Win64; x64) AppleWebKit/537.36 (KHTML, like Gecko) Chrome/104.0.0.0 Safari/537.36"
The Lord of the Rings: The Fellowship of the Ring,2001,Action,8.8,https://www.imdb.com/title/tt0120737/?ref_=adv_li_tt,"Mozilla/5.0 (Windows NT 10.0; Win64; x64) AppleWebKit/537.36 (KHTML, like Gecko) Chrome/104.0.0.0 Safari/537.36"
Fight Club,1999,Drama,8.8,https://www.imdb.com/title/tt0137523/?ref_=adv_li_tt,"Mozilla/5.0 (Windows NT 10.0; Win64; x64) AppleWebKit/537.36 (KHTML, like Gecko) Chrome/104.0.0.0 Safari/537.36"
The Lord of the Rings: The Two Towers,2002,Action,8.8,https://www.imdb.com/title/tt0167261/?ref_=adv_li_tt,"Mozilla/5.0 (Windows NT 10.0; Win64; x64) AppleWebKit/537.36 (KHTML, like Gecko) Chrome/104.0.0.0 Safari/537.36"
Forrest Gump,1994,Drama,8.8,https://www.imdb.com/title/tt0109830/?ref_=adv_li_tt,"Mozilla/5.0 (Windows NT 10.0; Win64; x64) AppleWebKit/537.36 (KHTML, like Gecko) Chrome/104.0.0.0 Safari/537.36"
Jai Bhim,2021,Crime,8.9,https://www.imdb.com/title/tt15097216/?ref_=adv_li_tt,"Mozilla/5.0 (Windows NT 10.0; Win64; x64) AppleWebKit/537.36 (KHTML, like Gecko) Chrome/104.0.0.0 Safari/537.36"
Pulp Fiction,1994,Crime,8.9,https://www.imdb.com/title/tt0110912/?ref_=adv_li_tt,"Mozilla/5.0 (Windows NT 10.0; Win64; x64) AppleWebKit/537.36 (KHTML, like Gecko) Chrome/104.0.0.0 Safari/537.36"
12 Angry Men,1957,Crime,9.0,https://www.imdb.com/title/tt0050083/?ref_=adv_li_tt,"Mozilla/5.0 (Windows NT 10.0; Win64; x64) AppleWebKit/537.36 (KHTML, like Gecko) Chrome/104.0.0.0 Safari/537.36"
The Godfather Part II,1974,Crime,9.0,https://www.imdb.com/title/tt0071562/?ref_=adv_li_tt,"Mozilla/5.0 (Windows NT 10.0; Win64; x64) AppleWebKit/537.36 (KHTML, like Gecko) Chrome/104.0.0.0 Safari/537.36"
The Godfather,1972,Crime,9.2,https://www.imdb.com/title/tt0068646/?ref_=adv_li_tt,"Mozilla/5.0 (Windows NT 10.0; Win64; x64) AppleWebKit/537.36 (KHTML, like Gecko) Chrome/104.0.0.0 Safari/537.36"
Schindler's List,1993,Biography,9.0,https://www.imdb.com/title/tt0108052/?ref_=adv_li_tt,"Mozilla/5.0 (Windows NT 10.0; Win64; x64) AppleWebKit/537.36 (KHTML, like Gecko) Chrome/104.0.0.0 Safari/537.36"
The Dark Knight,2008,Action,9.0,https://www.imdb.com/title/tt0468569/?ref_=adv_li_tt,"Mozilla/5.0 (Windows NT 10.0; Win64; x64) AppleWebKit/537.36 (KHTML, like Gecko) Chrome/104.0.0.0 Safari/537.36"
The Lord of the Rings: The Return of the King,2003,Action,9.0,https://www.imdb.com/title/tt0167260/?ref_=adv_li_tt,"Mozilla/5.0 (Windows NT 10.0; Win64; x64) AppleWebKit/537.36 (KHTML, like Gecko) Chrome/104.0.0.0 Safari/537.36"
